GameID,LeagueIndex,LeagueIndex_Prediction
52,5,5.0
55,5,6.0
56,4,4.0
57,3,4.0
58,3,4.0
60,2,2.0
61,1,2.0
72,7,8.0
77,4,5.0
81,4,5.0
83,3,5.0
93,4,4.0
97,3,3.0
98,3,3.0
100,5,6.0
102,5,4.0
105,4,3.0
106,5,6.0
118,5,4.0
127,4,5.0
132,5,5.0
138,6,4.0
139,5,4.0
140,5,4.0
141,4,5.0
142,4,4.0
144,6,7.0
149,5,4.0
154,5,4.0
158,6,5.0
160,3,3.0
161,3,2.0
162,5,4.0
163,6,5.0
168,4,4.0
169,6,5.0
171,1,2.0
175,3,3.0
178,5,4.0
180,4,3.0
181,2,3.0
182,5,5.0
184,4,5.0
187,2,3.0
193,4,4.0
194,6,4.0
196,5,4.0
201,3,2.0
203,6,5.0
204,3,3.0
209,3,4.0
210,4,4.0
212,5,5.0
213,4,3.0
215,2,3.0
219,6,5.0
220,2,3.0
223,6,6.0
225,4,4.0
226,4,4.0
228,4,4.0
229,5,4.0
230,3,4.0
234,2,4.0
235,6,5.0
240,6,5.0
244,5,4.0
246,5,4.0
250,5,3.0
251,6,6.0
256,6,5.0
257,3,3.0
260,3,2.0
263,2,4.0
264,6,6.0
265,5,3.0
266,4,3.0
267,5,5.0
268,4,4.0
272,4,3.0
280,4,4.0
281,5,5.0
284,4,4.0
288,2,2.0
290,3,2.0
297,5,5.0
299,5,5.0
301,5,4.0
302,5,5.0
305,6,5.0
312,5,4.0
314,6,6.0
316,5,6.0
318,5,6.0
320,5,5.0
321,3,4.0
329,6,5.0
333,2,3.0
336,4,3.0
338,4,4.0
339,6,4.0
342,3,4.0
350,4,5.0
351,6,6.0
357,7,7.0
361,6,6.0
363,1,3.0
366,5,4.0
371,6,6.0
378,3,4.0
381,6,6.0
383,6,6.0
384,3,5.0
388,6,5.0
389,4,5.0
392,4,5.0
393,6,5.0
394,5,5.0
396,3,4.0
398,7,6.0
400,6,5.0
401,3,3.0
403,5,5.0
407,5,5.0
408,5,5.0
411,6,5.0
418,6,5.0
422,2,3.0
423,4,4.0
424,4,2.0
426,3,3.0
434,5,5.0
435,5,5.0
436,3,3.0
438,5,3.0
439,3,3.0
442,4,3.0
443,5,4.0
444,3,3.0
449,3,1.0
454,6,5.0
455,6,5.0
457,5,5.0
458,5,5.0
464,4,4.0
466,6,6.0
473,6,5.0
475,4,3.0
476,6,6.0
480,6,5.0
490,4,3.0
497,6,5.0
506,5,4.0
508,6,3.0
509,6,5.0
511,4,4.0
512,3,3.0
513,6,5.0
514,4,4.0
517,4,4.0
519,4,4.0
523,6,6.0
525,5,5.0
526,4,4.0
527,3,4.0
529,4,4.0
531,6,4.0
532,1,3.0
535,4,3.0
536,5,4.0
540,6,5.0
542,4,6.0
545,5,4.0
546,4,4.0
547,3,4.0
557,4,5.0
560,5,4.0
568,5,4.0
569,3,3.0
570,4,4.0
572,5,4.0
576,5,4.0
578,5,4.0
581,5,4.0
584,2,2.0
585,5,5.0
588,4,4.0
590,1,2.0
591,4,4.0
600,1,3.0
601,3,4.0
604,3,4.0
607,4,3.0
608,6,4.0
609,6,5.0
611,6,6.0
614,5,4.0
616,5,7.0
621,3,4.0
623,5,5.0
626,5,5.0
628,2,3.0
629,5,6.0
630,3,4.0
631,6,6.0
632,5,5.0
633,3,4.0
636,5,4.0
637,6,5.0
638,6,5.0
643,6,4.0
645,2,4.0
649,6,6.0
650,3,4.0
651,2,4.0
652,3,3.0
654,3,4.0
655,5,5.0
656,5,5.0
664,5,4.0
666,5,4.0
672,2,4.0
674,4,4.0
680,6,6.0
681,3,2.0
683,4,4.0
685,4,4.0
689,2,2.0
691,4,4.0
692,2,4.0
694,2,4.0
699,1,3.0
701,2,5.0
703,3,4.0
704,6,6.0
705,5,5.0
710,6,5.0
711,5,5.0
712,4,4.0
713,3,5.0
716,4,3.0
720,5,4.0
722,5,4.0
723,5,4.0
724,3,3.0
730,6,5.0
731,1,1.0
732,3,3.0
735,2,3.0
736,3,4.0
739,5,3.0
746,5,4.0
747,5,4.0
750,6,5.0
751,4,3.0
754,2,3.0
756,6,5.0
758,2,3.0
759,5,5.0
760,4,4.0
762,4,2.0
765,3,4.0
766,1,3.0
771,1,2.0
774,3,4.0
776,2,4.0
779,1,3.0
780,3,3.0
781,5,5.0
784,4,5.0
787,5,5.0
788,6,5.0
789,4,4.0
790,4,4.0
792,3,3.0
793,2,3.0
796,6,6.0
797,5,4.0
798,5,5.0
799,4,3.0
813,6,4.0
816,2,4.0
818,4,4.0
819,2,3.0
822,3,4.0
824,4,4.0
833,3,5.0
834,6,4.0
836,5,4.0
837,4,6.0
841,4,4.0
842,6,5.0
843,3,2.0
849,6,5.0
851,4,5.0
865,4,3.0
866,3,3.0
872,5,5.0
874,4,3.0
875,5,4.0
877,5,4.0
883,2,3.0
887,5,4.0
888,5,5.0
891,2,4.0
892,6,4.0
893,4,4.0
898,6,5.0
900,2,4.0
901,2,3.0
902,3,4.0
905,3,3.0
910,3,4.0
912,3,4.0
915,3,4.0
921,4,3.0
928,4,2.0
931,5,4.0
941,5,4.0
942,4,3.0
953,7,6.0
958,3,4.0
961,4,4.0
966,4,3.0
967,6,6.0
970,6,4.0
974,3,3.0
975,3,4.0
979,2,1.0
981,5,5.0
987,4,4.0
993,5,5.0
995,3,3.0
997,4,5.0
998,4,4.0
1000,6,5.0
1004,4,3.0
1008,4,5.0
1009,5,4.0
1010,6,6.0
1013,1,2.0
1016,1,1.0
1021,5,5.0
1023,4,4.0
1025,3,3.0
1029,2,3.0
1030,2,4.0
1031,2,3.0
1032,4,2.0
1033,2,3.0
1034,5,5.0
1043,3,3.0
1047,4,4.0
1053,3,4.0
1055,4,4.0
1061,4,4.0
1062,4,4.0
1063,4,4.0
1064,5,5.0
1070,5,4.0
1071,2,3.0
1074,1,2.0
1076,5,5.0
1077,5,5.0
1083,2,2.0
1091,3,3.0
1093,2,3.0
1094,3,3.0
1096,7,5.0
1105,6,4.0
1106,5,5.0
1107,4,4.0
1108,4,4.0
1110,4,3.0
1111,4,4.0
1118,4,4.0
1124,4,4.0
1125,6,5.0
1127,2,3.0
1128,1,2.0
1132,3,3.0
1133,5,4.0
1137,4,3.0
1141,1,3.0
1143,4,3.0
1150,3,4.0
1154,3,4.0
1156,2,3.0
1159,2,3.0
1164,6,5.0
1167,4,5.0
1168,6,4.0
1169,4,4.0
1172,3,4.0
1173,1,2.0
1174,5,4.0
1175,4,4.0
1178,2,4.0
1179,6,5.0
1182,4,4.0
1193,3,4.0
1196,5,3.0
1207,4,3.0
1208,4,5.0
1210,4,4.0
1211,6,5.0
1212,2,2.0
1216,7,6.0
1221,6,4.0
1228,1,3.0
1230,2,2.0
1232,3,3.0
1233,2,3.0
1235,3,3.0
1237,3,4.0
1238,3,3.0
1240,3,4.0
1241,6,5.0
1247,1,2.0
1248,4,4.0
1249,6,5.0
1253,3,4.0
1255,3,4.0
1256,5,4.0
1259,6,5.0
1262,6,5.0
1264,4,3.0
1265,3,4.0
1273,5,4.0
1274,5,5.0
1275,2,5.0
1277,6,5.0
1279,3,3.0
1281,5,4.0
1285,6,5.0
1286,6,4.0
1289,4,5.0
1291,4,4.0
1292,3,3.0
1293,6,4.0
1298,1,3.0
1299,4,2.0
1301,2,3.0
1302,4,4.0
1309,6,4.0
1310,4,4.0
1312,2,3.0
1314,2,3.0
1318,4,3.0
1319,4,3.0
1325,4,5.0
1333,6,5.0
1335,2,2.0
1336,5,5.0
1337,4,3.0
1338,1,1.0
1339,3,3.0
1340,4,5.0
1341,5,5.0
1344,5,4.0
1346,5,4.0
1347,1,2.0
1348,6,5.0
1351,4,4.0
1352,6,7.0
1356,5,5.0
1358,6,5.0
1361,5,5.0
1364,4,3.0
1365,2,3.0
1366,1,3.0
1369,2,2.0
1375,3,4.0
1379,5,5.0
1380,2,4.0
1382,3,3.0
1383,6,5.0
1389,2,2.0
1390,5,4.0
1392,2,2.0
1397,3,4.0
1399,5,5.0
1402,5,5.0
1403,5,5.0
1408,3,5.0
1411,6,5.0
1413,3,2.0
1414,5,4.0
1416,4,4.0
1417,4,4.0
1422,5,4.0
1427,5,5.0
1430,4,4.0
1431,4,4.0
1433,2,3.0
1436,5,4.0
1439,6,5.0
1447,1,4.0
1454,4,5.0
1455,5,5.0
1463,7,7.0
1464,6,4.0
1468,5,5.0
1469,1,2.0
1476,6,4.0
1477,3,3.0
1478,2,3.0
1479,4,4.0
1482,4,5.0
1484,5,5.0
1486,4,5.0
1488,3,3.0
1491,3,4.0
1493,6,4.0
1495,2,4.0
1496,5,5.0
1498,4,4.0
1502,4,3.0
1506,5,5.0
1514,6,6.0
1518,5,5.0
1520,5,5.0
1521,3,4.0
1525,6,4.0
1526,5,4.0
1530,4,4.0
1534,4,4.0
1535,4,4.0
1537,6,4.0
1541,6,4.0
1542,4,4.0
1543,4,5.0
1545,6,5.0
1551,5,5.0
1552,4,5.0
1553,5,5.0
1555,6,6.0
1559,6,6.0
1562,6,5.0
1563,5,4.0
1564,4,4.0
1565,5,5.0
1566,4,4.0
1568,5,5.0
1575,3,4.0
1576,5,4.0
1578,4,5.0
1580,1,4.0
1582,2,4.0
1583,5,5.0
1588,3,3.0
1589,4,3.0
1591,6,5.0
1595,3,3.0
1599,4,3.0
1603,1,2.0
1604,1,2.0
1605,5,5.0
1606,5,5.0
1607,3,3.0
1609,4,4.0
1611,2,4.0
1615,4,4.0
1616,6,5.0
1620,3,4.0
1621,4,4.0
1623,5,5.0
1624,3,4.0
1626,3,4.0
1629,5,4.0
1634,1,2.0
1640,4,4.0
1642,5,5.0
1648,1,3.0
1649,6,4.0
1653,5,4.0
1655,6,4.0
1661,4,5.0
1663,6,5.0
1664,5,4.0
1665,6,5.0
1666,4,4.0
1673,4,4.0
1676,3,3.0
1679,1,3.0
1681,6,5.0
1686,5,5.0
1688,3,4.0
1692,3,3.0
1696,6,5.0
1701,4,4.0
1704,5,4.0
1705,5,5.0
1709,4,4.0
1712,5,4.0
1713,2,3.0
1714,2,3.0
1719,1,1.0
1731,4,4.0
1733,5,5.0
1734,4,4.0
1742,5,4.0
1745,4,3.0
1748,4,3.0
1751,4,4.0
1752,5,4.0
1753,3,1.0
1754,4,4.0
1755,4,4.0
1756,6,5.0
1757,4,5.0
1758,6,5.0
1763,4,4.0
1767,3,4.0
1768,6,5.0
1769,5,5.0
1770,3,2.0
1771,5,5.0
1774,2,5.0
1775,5,4.0
1780,5,6.0
1781,6,4.0
1782,5,4.0
1784,4,4.0
1789,6,4.0
1793,4,5.0
1796,3,3.0
1799,5,5.0
1807,4,3.0
1809,2,2.0
1810,3,4.0
1811,4,4.0
1814,2,2.0
1816,3,3.0
1817,5,4.0
1820,2,3.0
1822,3,4.0
1824,6,5.0
1825,1,-0.0
1826,1,2.0
1830,1,3.0
1839,3,4.0
1848,3,3.0
1850,5,4.0
1852,1,3.0
1855,4,4.0
1858,6,5.0
1860,4,5.0
1861,6,5.0
1862,2,3.0
1863,5,5.0
1864,6,4.0
1865,5,4.0
1866,5,4.0
1875,5,5.0
1876,2,3.0
1885,4,4.0
1886,3,3.0
1890,2,4.0
1901,5,3.0
1902,1,3.0
1905,3,4.0
1913,2,3.0
1914,4,4.0
1915,5,4.0
1917,6,5.0
1920,5,4.0
1921,3,4.0
1924,5,5.0
1925,4,3.0
1926,3,4.0
1927,5,5.0
1930,3,4.0
1937,5,5.0
1939,5,4.0
1944,4,3.0
1947,6,6.0
1949,6,5.0
1953,3,3.0
1959,3,4.0
1966,2,3.0
1969,3,2.0
1972,4,4.0
1974,4,4.0
1979,6,5.0
1982,2,2.0
1983,4,4.0
1988,7,7.0
1991,5,4.0
1995,5,5.0
2001,5,4.0
2012,2,3.0
2013,1,4.0
2014,5,4.0
2020,5,4.0
2023,5,5.0
2024,4,2.0
2029,7,6.0
2034,6,4.0
2039,4,4.0
2040,5,4.0
2043,5,4.0
2044,4,5.0
2045,4,4.0
2048,4,5.0
2050,5,5.0
2051,1,1.0
2055,5,5.0
2058,5,4.0
2068,2,3.0
2070,6,5.0
2071,4,5.0
2076,7,6.0
2077,3,3.0
2079,4,5.0
2082,4,4.0
2089,5,5.0
2090,4,5.0
2091,4,3.0
2092,6,4.0
2095,1,3.0
2099,3,4.0
2101,4,4.0
2105,3,4.0
2109,5,5.0
2110,5,4.0
2123,3,3.0
2125,3,3.0
2128,5,6.0
2129,3,3.0
2130,6,5.0
2138,2,4.0
2142,4,4.0
2143,6,7.0
2146,3,4.0
2147,5,4.0
2153,2,3.0
2159,3,3.0
2161,6,6.0
2162,4,5.0
2166,4,4.0
2170,4,4.0
2175,5,5.0
2176,5,4.0
2178,1,3.0
2182,5,4.0
2183,6,6.0
2184,5,5.0
2186,4,4.0
2188,7,5.0
2191,2,3.0
2195,5,4.0
2198,6,4.0
2199,5,4.0
2209,4,4.0
2211,6,4.0
2212,2,4.0
2214,6,7.0
2220,3,3.0
2221,2,2.0
2224,5,5.0
2226,4,5.0
2228,2,2.0
2229,2,2.0
2231,1,3.0
2232,4,4.0
2233,3,4.0
2237,2,4.0
2241,4,3.0
2246,5,8.0
2247,5,5.0
2249,3,5.0
2250,6,4.0
2253,2,3.0
2257,5,5.0
2261,5,4.0
2263,4,4.0
2264,6,5.0
2271,3,3.0
2276,4,3.0
2278,6,5.0
2279,5,6.0
2280,5,5.0
2284,2,2.0
2291,5,6.0
2297,5,5.0
2299,5,4.0
2306,5,4.0
2307,5,5.0
2308,6,6.0
2309,5,5.0
2310,5,4.0
2311,5,4.0
2314,2,4.0
2317,4,4.0
2319,5,4.0
2323,4,4.0
2327,3,3.0
2331,3,3.0
2332,3,4.0
2333,4,4.0
2336,5,5.0
2338,4,4.0
2341,4,3.0
2343,3,4.0
2345,4,3.0
2346,6,7.0
2348,5,5.0
2351,3,3.0
2352,5,4.0
2353,6,5.0
2358,4,5.0
2367,5,4.0
2373,3,3.0
2374,4,4.0
2375,3,3.0
2380,5,5.0
2384,6,5.0
2391,4,4.0
2392,5,4.0
2393,6,6.0
2395,5,5.0
2396,3,3.0
2397,4,4.0
2398,4,4.0
2399,4,3.0
2402,6,5.0
2404,3,3.0
2405,5,4.0
2406,5,5.0
2408,5,4.0
2412,5,4.0
2417,5,5.0
2421,4,3.0
2423,1,2.0
2424,5,5.0
2430,6,7.0
2433,4,4.0
2435,6,5.0
2441,6,4.0
2442,2,3.0
2444,4,4.0
2448,4,4.0
2449,2,3.0
2454,5,5.0
2458,5,5.0
2461,6,6.0
2464,5,5.0
2465,4,4.0
2469,5,4.0
2472,3,4.0
2475,2,3.0
2476,4,4.0
2478,6,6.0
2482,5,3.0
2484,3,4.0
2487,3,4.0
2489,6,5.0
2495,4,4.0
2499,3,4.0
2505,5,3.0
2509,6,6.0
2512,4,4.0
2518,5,4.0
2520,3,3.0
2521,6,6.0
2522,5,5.0
2526,6,5.0
2527,6,5.0
2531,6,5.0
2532,5,4.0
2533,1,2.0
2538,5,4.0
2539,5,4.0
2540,5,4.0
2541,6,5.0
2543,3,5.0
2545,5,4.0
2548,6,6.0
2549,6,5.0
2554,4,3.0
2557,2,4.0
2563,3,3.0
2564,5,5.0
2570,5,4.0
2572,5,5.0
2575,2,1.0
2579,4,4.0
2581,3,3.0
2584,4,3.0
2590,3,3.0
2591,6,5.0
2592,5,6.0
2602,5,4.0
2606,6,7.0
2610,4,4.0
2612,5,5.0
2613,5,4.0
2614,4,5.0
2618,2,4.0
2622,5,4.0
2624,5,4.0
2625,2,4.0
2626,3,4.0
2633,4,5.0
2635,4,4.0
2639,2,3.0
2642,6,5.0
2644,5,3.0
2646,3,4.0
2649,4,3.0
2652,6,6.0
2653,4,3.0
2655,4,4.0
2656,5,5.0
2657,2,3.0
2658,5,5.0
2660,5,5.0
2661,2,4.0
2662,2,3.0
2666,6,7.0
2670,6,6.0
2673,5,4.0
2677,1,2.0
2679,5,4.0
2682,6,6.0
2683,4,4.0
2691,6,5.0
2693,6,5.0
2694,5,3.0
2697,6,6.0
2698,5,4.0
2700,5,5.0
2702,4,4.0
2706,5,5.0
2709,3,4.0
2712,3,4.0
2713,4,4.0
2717,3,3.0
2719,5,5.0
2721,3,3.0
2722,2,4.0
2723,4,5.0
2726,4,4.0
2727,2,3.0
2729,2,3.0
2733,6,6.0
2735,4,3.0
2740,2,2.0
2745,6,5.0
2748,3,4.0
2750,5,4.0
2754,3,4.0
2756,3,3.0
2758,6,5.0
2759,3,3.0
2769,5,5.0
2772,6,6.0
2773,4,3.0
2780,4,4.0
2783,6,7.0
2787,6,4.0
2788,6,4.0
2791,2,3.0
2792,4,3.0
2794,5,4.0
2798,5,5.0
2813,3,3.0
2817,5,3.0
2819,5,5.0
2820,3,3.0
2821,6,6.0
2824,6,4.0
2825,4,3.0
2826,5,5.0
2829,3,4.0
2830,6,5.0
2831,4,4.0
2833,6,6.0
2834,5,4.0
2835,4,5.0
2837,6,6.0
2851,3,4.0
2856,5,3.0
2859,6,5.0
2865,2,3.0
2867,5,4.0
2868,5,5.0
2878,4,3.0
2881,3,3.0
2885,3,3.0
2886,6,6.0
2888,5,5.0
2889,4,4.0
2895,3,3.0
2899,5,4.0
2900,6,5.0
2904,3,4.0
2905,5,4.0
2906,6,5.0
2912,4,3.0
2913,3,2.0
2915,7,6.0
2916,4,4.0
2920,6,5.0
2923,5,4.0
2924,5,5.0
2925,6,5.0
2926,6,6.0
2928,4,4.0
2930,6,6.0
2931,6,6.0
2932,5,5.0
2936,5,5.0
2938,4,5.0
2939,6,5.0
2940,4,5.0
2943,5,4.0
2944,4,4.0
2947,4,3.0
2949,5,5.0
2952,5,3.0
2953,3,4.0
2954,4,4.0
2955,3,3.0
2958,3,3.0
2960,5,5.0
2962,5,5.0
2963,5,4.0
2970,2,3.0
2973,4,5.0
2974,2,3.0
2977,4,4.0
2978,2,3.0
2982,5,5.0
2984,2,3.0
2985,6,4.0
2988,1,3.0
2989,2,3.0
2995,2,2.0
2997,1,2.0
3007,4,4.0
3012,2,4.0
3014,5,4.0
3015,5,3.0
3020,6,5.0
3023,4,3.0
3024,4,4.0
3025,3,4.0
3027,2,3.0
3031,1,2.0
3033,3,3.0
3037,2,2.0
3044,1,3.0
3046,5,4.0
3049,3,3.0
3050,5,4.0
3052,6,5.0
3053,4,4.0
3054,6,5.0
3058,4,3.0
3059,3,2.0
3061,1,3.0
3062,3,4.0
3066,5,5.0
3070,4,4.0
3072,4,4.0
3074,6,5.0
3079,3,3.0
3081,5,6.0
3082,3,4.0
3090,3,5.0
3091,7,5.0
3092,2,2.0
3095,4,5.0
3097,4,4.0
3099,3,3.0
3101,6,5.0
3103,6,5.0
3104,1,3.0
3105,3,3.0
3110,4,3.0
3114,2,3.0
3116,5,4.0
3117,4,4.0
3118,4,4.0
3120,4,4.0
3122,3,3.0
3123,4,3.0
3125,7,5.0
3127,3,4.0
3131,4,4.0
3132,5,4.0
3135,1,2.0
3137,5,6.0
3139,2,2.0
3141,3,3.0
3144,5,4.0
3146,1,3.0
3147,2,4.0
3151,5,4.0
3152,1,4.0
3153,6,5.0
3155,4,4.0
3157,3,5.0
3161,4,4.0
3164,5,3.0
3166,5,4.0
3169,6,7.0
3173,2,2.0
3179,5,5.0
3180,2,4.0
3181,3,4.0
3182,5,5.0
3183,6,4.0
3186,4,5.0
3192,4,4.0
3196,4,4.0
3210,1,3.0
3218,5,6.0
3220,5,5.0
3222,2,3.0
3227,4,4.0
3231,4,5.0
3233,6,4.0
3234,4,4.0
3235,4,5.0
3236,4,4.0
3237,1,4.0
3243,2,3.0
3244,5,4.0
3248,2,4.0
3252,6,5.0
3256,5,4.0
3257,4,4.0
3258,3,3.0
3261,5,4.0
3263,4,4.0
3265,1,3.0
3267,2,3.0
3275,4,4.0
3277,4,4.0
3278,5,5.0
3279,5,5.0
3281,4,4.0
3283,2,4.0
3285,4,2.0
3287,1,2.0
3289,4,4.0
3295,4,4.0
3300,4,4.0
3302,1,2.0
3305,4,4.0
3306,5,5.0
3307,5,4.0
3309,4,5.0
3310,3,3.0
3311,3,3.0
3313,6,5.0
3317,6,5.0
3321,3,3.0
3323,4,3.0
3328,6,6.0
3332,4,4.0
3333,5,4.0
3339,1,2.0
3341,2,3.0
3344,1,3.0
3345,3,3.0
3348,4,4.0
3350,4,4.0
3352,2,3.0
3355,3,3.0
3356,3,5.0
3360,2,3.0
3364,4,4.0
3367,5,4.0
3368,6,5.0
3369,6,6.0
3370,3,5.0
3372,5,5.0
3384,3,3.0
3385,4,4.0
3389,1,3.0
3393,4,3.0
3394,3,4.0
3395,4,3.0
3401,6,6.0
3405,5,4.0
3408,2,2.0
3415,5,5.0
3419,4,4.0
3423,1,3.0
3426,1,2.0
3428,1,2.0
3435,4,5.0
3436,5,6.0
3439,2,3.0
3444,5,4.0
3448,3,3.0
3449,1,2.0
3452,2,3.0
3454,4,5.0
3457,4,4.0
3458,4,3.0
3461,5,4.0
3467,5,4.0
3468,4,4.0
3473,6,4.0
3478,4,4.0
3487,5,5.0
3488,4,3.0
3494,1,2.0
3496,3,4.0
3497,5,4.0
3500,4,2.0
3506,6,5.0
3514,6,6.0
3520,4,4.0
3524,4,3.0
3527,2,2.0
3530,5,5.0
3535,5,5.0
3538,6,5.0
3539,1,3.0
3540,4,4.0
3551,3,3.0
3554,4,3.0
3558,3,4.0
3559,6,5.0
3564,3,2.0
3565,3,3.0
3572,2,3.0
3578,5,4.0
3580,1,3.0
3584,6,5.0
3587,1,3.0
3589,3,3.0
3590,4,4.0
3598,6,5.0
3599,4,5.0
3600,3,4.0
3604,6,4.0
3610,3,3.0
3612,2,2.0
3614,4,3.0
3619,4,4.0
3621,1,1.0
3628,4,4.0
3633,4,4.0
3635,3,4.0
3636,3,4.0
3639,4,3.0
3641,6,6.0
3643,4,4.0
3651,6,3.0
3655,2,3.0
3659,3,3.0
3661,4,4.0
3667,6,5.0
3671,3,4.0
3678,2,4.0
3679,3,3.0
3680,6,5.0
3683,2,3.0
3684,3,3.0
3685,4,3.0
3689,5,5.0
3695,4,3.0
3705,5,3.0
3710,1,1.0
3717,2,3.0
3720,2,3.0
3721,2,2.0
3722,5,5.0
3723,2,3.0
3726,3,4.0
3727,3,3.0
3730,4,4.0
3733,6,6.0
3734,1,1.0
3735,5,4.0
3738,2,2.0
3740,2,3.0
3741,5,5.0
3743,4,4.0
3747,3,4.0
3749,5,5.0
3750,6,6.0
3751,3,3.0
3752,1,2.0
3755,5,5.0
3757,6,6.0
3759,2,3.0
3761,4,4.0
3762,3,2.0
3764,1,3.0
3767,4,4.0
3768,5,4.0
3769,4,4.0
3772,6,5.0
3773,1,2.0
3777,5,5.0
3782,1,1.0
3783,3,4.0
3787,1,2.0
3789,3,3.0
3790,3,4.0
3795,5,6.0
3797,5,4.0
3801,1,1.0
3802,6,5.0
3804,4,4.0
3806,5,5.0
3807,6,5.0
3808,3,4.0
3809,4,4.0
3810,4,5.0
3816,4,4.0
3821,5,5.0
3823,3,4.0
3824,4,2.0
3826,2,2.0
3831,4,3.0
3834,3,4.0
3835,4,5.0
3836,3,3.0
3837,3,3.0
3840,2,2.0
3841,4,3.0
3842,6,6.0
3843,1,3.0
3844,5,5.0
3846,4,6.0
3849,4,5.0
3850,4,4.0
3856,4,3.0
3857,1,2.0
3860,5,6.0
3861,5,6.0
3862,3,4.0
3863,6,5.0
3864,5,6.0
3866,4,4.0
3867,4,4.0
3868,3,5.0
3869,4,4.0
3874,4,4.0
3875,3,4.0
3880,1,3.0
3883,4,4.0
3884,6,5.0
3887,3,3.0
3891,6,6.0
3894,6,5.0
3896,4,5.0
3897,2,1.0
3899,1,-1.0
3900,5,5.0
3901,3,3.0
3902,5,4.0
3903,6,5.0
3905,6,5.0
3912,3,3.0
3915,5,4.0
3918,3,2.0
3920,5,4.0
3923,5,6.0
3927,1,2.0
3935,4,4.0
3938,3,3.0
3939,3,4.0
3942,4,4.0
3945,5,4.0
3948,4,4.0
3950,3,3.0
3961,5,3.0
3966,6,6.0
3968,4,3.0
3971,5,4.0
3983,2,2.0
3984,6,5.0
3986,6,5.0
3988,2,3.0
3991,5,4.0
3999,4,4.0
4006,3,3.0
4007,3,3.0
4008,5,4.0
4012,2,3.0
4017,5,5.0
4019,5,4.0
4022,4,5.0
4028,6,5.0
4029,2,3.0
4035,5,4.0
4039,4,3.0
4050,5,4.0
4054,5,5.0
4060,5,4.0
4064,5,5.0
4065,5,4.0
4067,2,3.0
4068,6,4.0
4071,3,2.0
4072,3,3.0
4073,6,5.0
4074,4,2.0
4075,5,5.0
4076,4,4.0
4080,2,4.0
4081,3,4.0
4091,3,4.0
4094,6,6.0
4095,4,4.0
4097,4,4.0
4098,2,4.0
4100,6,5.0
4104,6,6.0
4107,3,3.0
4110,2,2.0
4111,5,5.0
4113,5,4.0
4114,6,4.0
4116,2,4.0
4121,2,3.0
4122,6,4.0
4123,6,5.0
4127,2,2.0
4128,3,3.0
4129,3,3.0
4130,2,3.0
4133,3,4.0
4135,6,6.0
4136,3,3.0
4140,3,4.0
4143,5,4.0
4144,5,5.0
4150,2,4.0
4151,2,3.0
4154,5,5.0
4157,1,3.0
4160,5,5.0
4161,3,3.0
4162,3,3.0
4167,3,4.0
4170,5,4.0
4172,3,3.0
4173,2,4.0
4174,5,6.0
4175,6,5.0
4176,3,3.0
4177,1,3.0
4181,4,3.0
4182,5,5.0
4183,2,3.0
4185,4,4.0
4187,6,6.0
4188,4,4.0
4190,4,4.0
4191,1,3.0
4193,4,3.0
4198,2,2.0
4200,4,3.0
4205,3,3.0
4217,5,4.0
4226,3,3.0
4227,2,4.0
4229,3,4.0
4232,3,5.0
4238,5,4.0
4239,6,4.0
4240,4,4.0
4244,6,6.0
4254,3,5.0
4256,6,5.0
4258,2,4.0
4259,2,4.0
4260,4,3.0
4262,2,3.0
4263,1,1.0
4267,3,3.0
4269,1,2.0
4271,3,3.0
4273,2,2.0
4275,5,4.0
4276,1,3.0
4279,6,6.0
4281,4,4.0
4283,1,3.0
4285,4,5.0
4289,6,4.0
4290,2,5.0
4291,3,3.0
4293,5,4.0
4295,2,2.0
4301,4,5.0
4302,6,4.0
4312,3,3.0
4314,3,3.0
4319,6,5.0
4320,2,1.0
4323,5,4.0
4324,6,5.0
4325,3,3.0
4326,4,4.0
4334,4,4.0
4335,4,4.0
4338,6,6.0
4339,5,4.0
4341,4,3.0
4343,4,4.0
4344,6,5.0
4349,4,3.0
4350,4,4.0
4353,6,5.0
4356,3,3.0
4357,6,6.0
4361,6,5.0
4363,2,4.0
4367,6,5.0
4370,3,3.0
4374,4,4.0
4378,5,4.0
4383,3,4.0
4386,2,3.0
4391,2,3.0
4393,5,4.0
4396,2,2.0
4397,4,3.0
4399,3,2.0
4402,3,3.0
4408,4,4.0
4410,4,5.0
4415,4,4.0
4418,4,4.0
4421,2,3.0
4422,4,4.0
4424,5,5.0
4427,2,3.0
4433,3,2.0
4435,2,-0.0
4448,2,1.0
4449,3,3.0
4459,4,4.0
4465,6,5.0
4468,6,5.0
4469,4,4.0
4472,4,4.0
4480,2,3.0
4488,4,4.0
4489,4,5.0
4497,4,4.0
4499,2,3.0
4500,4,4.0
4504,2,2.0
4506,3,5.0
4509,6,5.0
4510,1,2.0
4511,2,3.0
4512,4,4.0
4514,4,4.0
4516,5,5.0
4517,1,1.0
4520,3,3.0
4522,5,4.0
4532,5,5.0
4534,6,5.0
4535,4,4.0
4543,4,5.0
4544,6,6.0
4546,2,3.0
4551,3,3.0
4553,4,3.0
4555,7,7.0
4565,1,3.0
4569,3,2.0
4570,2,3.0
4572,2,2.0
4580,4,5.0
4581,4,3.0
4582,4,4.0
4583,6,4.0
4586,5,2.0
4587,2,2.0
4589,4,4.0
4592,6,5.0
4594,4,3.0
4595,4,5.0
4596,4,4.0
4597,4,3.0
4598,5,4.0
4599,3,4.0
4600,5,4.0
4603,3,1.0
4606,5,5.0
4607,7,7.0
4609,6,6.0
4610,3,4.0
4615,6,6.0
4616,6,6.0
4617,5,5.0
4619,6,5.0
4621,3,3.0
4626,6,5.0
4629,6,6.0
4634,6,4.0
4636,4,4.0
4638,6,5.0
4641,4,3.0
4646,5,3.0
4648,5,4.0
4652,4,4.0
4662,4,5.0
4665,3,3.0
4667,2,4.0
4668,6,6.0
4670,4,4.0
4678,4,3.0
4679,4,4.0
4682,5,4.0
4684,1,3.0
4686,4,4.0
4687,3,4.0
4694,4,4.0
4698,6,6.0
4699,7,6.0
4700,4,5.0
4701,2,3.0
4704,4,4.0
4706,5,5.0
4713,4,4.0
4715,4,4.0
4716,5,4.0
4718,5,5.0
4719,5,4.0
4721,6,5.0
4723,6,5.0
4725,2,3.0
4727,4,3.0
4728,3,3.0
4734,5,4.0
4735,6,5.0
4737,4,3.0
4739,3,4.0
4740,4,4.0
4741,5,5.0
4742,3,4.0
4743,4,3.0
4744,5,4.0
4746,4,3.0
4747,4,5.0
4752,4,3.0
4754,7,8.0
4756,5,5.0
4762,3,3.0
4763,4,3.0
4764,6,4.0
4766,6,5.0
4767,4,3.0
4769,6,4.0
4770,4,4.0
4776,5,5.0
4777,1,3.0
4778,3,3.0
4779,3,4.0
4783,6,5.0
4785,2,3.0
4787,3,4.0
4789,2,3.0
4791,6,5.0
4794,5,4.0
4801,5,5.0
4805,3,4.0
4808,6,5.0
4809,3,5.0
4817,6,6.0
4818,5,5.0
4819,2,4.0
4820,4,4.0
4827,5,5.0
4828,5,6.0
4834,5,3.0
4836,5,5.0
4839,6,8.0
4840,5,5.0
4841,3,4.0
4842,4,4.0
4846,4,3.0
4855,3,3.0
4858,6,6.0
4860,6,5.0
4862,4,4.0
4864,2,3.0
4867,4,5.0
4868,4,4.0
4874,4,4.0
4884,3,2.0
4889,1,3.0
4895,3,4.0
4898,3,4.0
4900,3,5.0
4901,2,3.0
4906,5,5.0
4910,3,4.0
4911,2,3.0
4914,4,4.0
4920,6,5.0
4923,5,4.0
4924,4,4.0
4929,5,4.0
4931,6,4.0
4934,6,5.0
4936,4,5.0
4943,1,4.0
4945,4,4.0
4947,2,3.0
4948,5,5.0
4950,4,4.0
4951,3,2.0
4953,6,5.0
4954,2,3.0
4960,1,3.0
4961,5,4.0
4964,6,5.0
4967,3,3.0
4971,3,3.0
4976,4,3.0
4978,4,4.0
4982,5,4.0
4983,4,5.0
4984,2,3.0
4985,2,4.0
4987,6,5.0
4994,4,3.0
4995,6,6.0
4998,2,3.0
5000,3,4.0
5004,1,2.0
5009,4,5.0
5013,4,4.0
5016,4,3.0
5019,4,4.0
5020,1,4.0
5030,3,4.0
5031,5,5.0
5040,5,4.0
5046,5,4.0
5049,5,4.0
5057,1,1.0
5058,4,4.0
5059,2,3.0
5060,1,4.0
5065,5,4.0
5066,5,4.0
5070,2,3.0
5071,5,4.0
5072,5,4.0
5077,4,5.0
5079,5,5.0
5084,2,4.0
5086,6,6.0
5088,3,4.0
5090,1,3.0
5091,5,5.0
5093,2,3.0
5094,3,4.0
5096,4,3.0
5097,4,3.0
5098,3,3.0
5099,1,2.0
5100,4,4.0
5101,4,4.0
5106,5,4.0
5107,4,3.0
5108,4,4.0
5110,4,4.0
5111,6,5.0
5112,4,4.0
5114,4,4.0
5115,4,3.0
5118,6,3.0
5119,6,5.0
5121,5,5.0
5122,4,4.0
5124,5,5.0
5129,7,7.0
5131,5,4.0
5133,5,3.0
5135,4,4.0
5136,5,5.0
5138,6,6.0
5141,6,6.0
5143,5,4.0
5147,4,5.0
5151,6,6.0
5152,5,5.0
5153,2,4.0
5154,4,5.0
5155,6,5.0
5157,5,4.0
5159,5,4.0
5160,6,5.0
5162,6,5.0
5163,3,4.0
5165,3,3.0
5166,6,4.0
5168,5,4.0
5170,6,5.0
5173,4,4.0
5174,4,4.0
5175,3,3.0
5180,3,4.0
5188,2,3.0
5189,3,2.0
5192,5,5.0
5194,6,6.0
5197,5,5.0
5199,3,4.0
5200,3,4.0
5202,4,3.0
5206,4,3.0
5207,4,6.0
5209,5,5.0
5213,4,4.0
5215,4,3.0
5220,5,4.0
5224,5,6.0
5227,6,5.0
5229,4,4.0
5230,5,4.0
5233,4,5.0
5235,5,5.0
5241,4,4.0
5243,4,4.0
5244,3,3.0
5245,3,4.0
5246,6,5.0
5247,6,4.0
5255,5,4.0
5256,4,4.0
5262,5,5.0
5263,5,5.0
5264,5,5.0
5268,6,7.0
5271,5,4.0
5272,5,5.0
5275,5,3.0
5283,3,4.0
5284,3,3.0
5285,5,6.0
5289,7,6.0
5295,6,4.0
5296,3,3.0
5300,5,5.0
5302,3,4.0
5303,6,6.0
5304,1,3.0
5309,4,4.0
5312,2,4.0
5315,6,5.0
5323,1,2.0
5325,5,4.0
5326,1,3.0
5331,5,4.0
5333,6,5.0
5335,3,3.0
5336,4,3.0
5339,4,3.0
5342,5,5.0
5343,4,4.0
5345,6,6.0
5351,5,5.0
5354,3,4.0
5357,5,5.0
5359,5,5.0
5360,5,4.0
5365,6,5.0
5366,3,3.0
5367,6,4.0
5372,4,4.0
5374,4,3.0
5382,5,4.0
5384,4,6.0
5386,5,6.0
5387,6,5.0
5388,4,3.0
5390,3,4.0
5393,4,4.0
5395,6,5.0
5398,4,4.0
5400,5,4.0
5402,6,6.0
5403,6,6.0
5405,5,5.0
5406,6,5.0
5407,6,6.0
5412,3,4.0
5413,4,5.0
5421,5,5.0
5422,4,3.0
5424,2,2.0
5431,4,4.0
5433,3,3.0
5434,2,3.0
5435,2,3.0
5438,5,5.0
5439,5,6.0
5442,2,3.0
5446,6,5.0
5451,3,5.0
5453,6,5.0
5456,6,5.0
5460,4,3.0
5461,3,3.0
5462,5,4.0
5464,4,4.0
5469,5,4.0
5472,6,4.0
5473,4,4.0
5475,6,5.0
5476,6,4.0
5483,1,3.0
5487,6,6.0
5488,5,5.0
5489,6,5.0
5490,1,3.0
5491,5,4.0
5493,3,4.0
5495,6,4.0
5497,5,5.0
5498,6,6.0
5503,4,4.0
5504,5,5.0
5508,3,3.0
5510,5,5.0
5515,6,5.0
5517,5,5.0
5519,6,5.0
5520,6,5.0
5521,4,4.0
5522,5,4.0
5525,4,5.0
5527,2,4.0
5532,6,6.0
5533,4,4.0
5535,3,4.0
5536,4,4.0
5538,5,5.0
5541,3,4.0
5543,6,6.0
5545,4,5.0
5547,5,4.0
5548,4,5.0
5551,5,5.0
5557,4,3.0
5558,1,4.0
5561,6,5.0
5563,6,6.0
5564,4,5.0
5566,4,5.0
5567,4,4.0
5568,6,5.0
5570,4,4.0
5571,5,4.0
5572,3,4.0
5576,4,4.0
5580,6,5.0
5582,5,5.0
5586,4,4.0
5596,3,4.0
5597,3,3.0
5599,5,4.0
5600,5,3.0
5604,7,5.0
5605,6,6.0
5610,4,6.0
5612,3,4.0
5614,2,4.0
5616,4,4.0
5617,6,4.0
5618,3,4.0
5620,5,3.0
5622,2,3.0
5623,4,5.0
5625,2,3.0
5627,4,3.0
5629,5,4.0
5634,5,4.0
5637,3,4.0
5640,7,7.0
5643,4,4.0
5644,6,5.0
5649,5,5.0
5653,6,5.0
5654,2,4.0
5655,3,4.0
5657,4,3.0
5658,6,4.0
5663,1,2.0
5666,3,2.0
5668,2,3.0
5669,3,3.0
5670,4,3.0
5671,4,4.0
5673,4,6.0
5674,2,4.0
5675,5,5.0
5678,5,5.0
5681,5,5.0
5684,5,5.0
5685,4,4.0
5688,3,3.0
5691,1,3.0
5692,6,5.0
5693,2,2.0
5697,5,5.0
5698,4,4.0
5702,5,5.0
5704,5,5.0
5707,2,3.0
5708,5,5.0
5710,2,4.0
5711,4,4.0
5713,5,6.0
5717,4,5.0
5718,3,4.0
5720,4,3.0
5729,5,4.0
5732,5,4.0
5735,5,5.0
5737,3,2.0
5738,1,2.0
5747,2,3.0
5748,5,4.0
5750,4,5.0
5751,4,4.0
5753,6,5.0
5758,5,5.0
5760,5,5.0
5762,6,5.0
5764,5,4.0
5765,2,3.0
5766,4,4.0
5768,6,6.0
5769,3,3.0
5771,5,5.0
5777,1,3.0
5781,3,4.0
5784,1,2.0
5787,4,4.0
5788,6,6.0
5796,6,5.0
5798,5,3.0
5799,6,6.0
5800,5,6.0
5802,5,4.0
5804,3,3.0
5805,5,5.0
5807,1,1.0
5809,5,5.0
5811,6,5.0
5812,2,2.0
5814,5,6.0
5815,5,4.0
5818,4,4.0
5819,6,6.0
5821,5,4.0
5823,6,6.0
5824,5,6.0
5828,6,6.0
5829,3,4.0
5831,3,4.0
5833,1,3.0
5836,6,4.0
5838,3,2.0
5840,4,4.0
5847,5,4.0
5854,5,5.0
5855,5,4.0
5856,6,6.0
5859,6,4.0
5860,6,5.0
5861,4,5.0
5864,5,4.0
5870,3,3.0
5871,5,5.0
5873,1,3.0
5877,5,4.0
5880,4,4.0
5882,6,3.0
5883,1,2.0
5888,5,4.0
5892,5,4.0
5901,5,5.0
5903,3,4.0
5905,5,4.0
5907,4,4.0
5908,4,4.0
5911,4,4.0
5915,6,6.0
5916,4,4.0
5925,5,5.0
5926,4,3.0
5927,3,4.0
5928,5,5.0
5929,4,3.0
5931,4,3.0
5933,1,2.0
5934,6,6.0
5943,5,3.0
5947,6,4.0
5948,5,5.0
5950,2,3.0
5954,4,4.0
5955,5,4.0
5956,6,6.0
5962,6,4.0
5963,2,4.0
5968,6,5.0
5970,4,3.0
5971,5,4.0
5973,6,5.0
5978,5,5.0
5979,2,4.0
5982,1,3.0
5983,6,6.0
5987,6,6.0
5988,4,4.0
5995,5,4.0
5997,6,6.0
5998,5,4.0
6000,6,6.0
6002,3,5.0
6004,5,5.0
6011,4,4.0
6012,4,3.0
6019,4,5.0
6020,5,7.0
6022,4,5.0
6034,6,6.0
6039,6,6.0
6040,4,5.0
6043,4,3.0
6046,6,5.0
6047,5,4.0
6048,4,4.0
6052,5,4.0
6055,6,6.0
6056,4,4.0
6059,4,4.0
6066,5,5.0
6067,2,3.0
6068,6,6.0
6070,3,4.0
6071,5,5.0
6072,6,6.0
6074,3,4.0
6079,6,5.0
6082,3,4.0
6083,5,5.0
6084,3,4.0
6085,6,6.0
6094,4,5.0
6098,4,4.0
6099,4,5.0
6100,4,4.0
6102,4,4.0
6107,6,5.0
6109,5,5.0
6111,6,5.0
6113,4,5.0
6114,3,5.0
6115,2,3.0
6116,5,3.0
6119,3,4.0
6120,5,5.0
6123,4,4.0
6125,4,4.0
6126,6,6.0
6130,3,4.0
6133,3,3.0
6136,5,5.0
6138,6,4.0
6143,2,4.0
6149,5,5.0
6156,4,4.0
6157,6,4.0
6159,5,5.0
6160,5,4.0
6161,3,5.0
6164,6,4.0
6167,6,5.0
6169,6,3.0
6172,1,4.0
6177,7,5.0
6180,3,5.0
6182,6,5.0
6185,2,3.0
6186,6,5.0
6189,3,4.0
6197,6,6.0
6198,6,6.0
6206,6,5.0
6215,5,4.0
6216,3,4.0
6217,1,3.0
6218,6,5.0
6219,2,3.0
6224,3,3.0
6226,5,5.0
6236,2,3.0
6237,1,5.0
6241,4,4.0
6242,3,4.0
6245,5,4.0
6248,5,4.0
6253,3,4.0
6255,5,5.0
6258,6,5.0
6262,2,4.0
6263,4,6.0
6265,4,4.0
6268,2,3.0
6269,6,6.0
6271,5,6.0
6275,5,4.0
6281,5,4.0
6282,6,5.0
6283,1,3.0
6286,6,6.0
6288,2,2.0
6289,6,5.0
6290,3,4.0
6301,6,7.0
6303,5,6.0
6305,4,4.0
6308,5,5.0
6309,6,5.0
6311,3,4.0
6316,1,2.0
6321,5,4.0
6322,2,2.0
6323,4,3.0
6324,1,4.0
6326,4,4.0
6327,6,6.0
6329,4,3.0
6334,4,4.0
6336,6,5.0
6339,3,3.0
6343,5,5.0
6344,2,3.0
6345,5,5.0
6350,4,4.0
6351,3,3.0
6352,3,3.0
6358,5,5.0
6359,2,3.0
6364,4,5.0
6368,2,3.0
6369,3,4.0
6371,3,2.0
6378,4,4.0
6380,4,4.0
6381,5,4.0
6383,2,3.0
6387,4,4.0
6390,4,4.0
6393,7,6.0
6395,2,3.0
6397,5,5.0
6402,5,3.0
6407,3,3.0
6411,6,4.0
6412,3,3.0
6420,6,6.0
6421,5,4.0
6423,5,3.0
6424,4,4.0
6425,4,4.0
6428,6,5.0
6430,4,3.0
6431,3,5.0
6432,2,3.0
6434,3,2.0
6440,3,3.0
6441,3,5.0
6442,5,5.0
6443,5,5.0
6446,6,6.0
6449,3,5.0
6452,3,4.0
6453,4,3.0
6454,2,3.0
6456,4,3.0
6457,4,5.0
6458,2,3.0
6466,4,4.0
6467,6,6.0
6469,7,7.0
6472,3,2.0
6474,6,5.0
6476,5,5.0
6478,3,2.0
6479,2,3.0
6481,3,4.0
6483,2,3.0
6484,5,4.0
6489,4,4.0
6490,5,4.0
6495,4,5.0
6496,3,3.0
6501,2,3.0
6503,4,5.0
6507,3,4.0
6509,5,6.0
6510,4,4.0
6511,3,4.0
6512,3,3.0
6514,4,4.0
6517,6,5.0
6518,6,9.0
6520,5,6.0
6522,3,5.0
6524,4,3.0
6525,5,4.0
6529,3,4.0
6531,6,8.0
6532,4,4.0
6533,2,3.0
6543,5,5.0
6545,5,3.0
6546,4,4.0
6547,4,2.0
6549,5,4.0
6550,6,5.0
6554,4,6.0
6557,4,5.0
6560,5,5.0
6565,2,3.0
6567,4,3.0
6572,6,5.0
6573,5,5.0
6576,3,3.0
6581,2,2.0
6584,3,3.0
6586,4,4.0
6587,4,4.0
6588,4,5.0
6596,3,4.0
6598,6,5.0
6600,2,4.0
6603,5,4.0
6605,2,3.0
6606,5,5.0
6608,4,4.0
6609,3,4.0
6611,6,5.0
6615,5,6.0
6618,5,4.0
6619,1,2.0
6623,5,4.0
6625,4,5.0
6627,6,5.0
6629,6,5.0
6630,5,5.0
6633,3,4.0
6638,5,4.0
6639,4,5.0
6642,6,5.0
6643,3,3.0
6645,5,6.0
6649,6,5.0
6651,4,3.0
6653,5,4.0
6655,6,6.0
6657,5,4.0
6658,6,7.0
6663,6,6.0
6664,6,5.0
6666,5,5.0
6670,6,6.0
6672,4,3.0
6678,5,5.0
6679,2,2.0
6683,3,4.0
6685,4,5.0
6686,1,2.0
6687,6,5.0
6689,5,4.0
6693,2,3.0
6695,1,3.0
6696,6,5.0
6698,6,6.0
6707,3,5.0
6708,4,4.0
6709,4,4.0
6710,3,4.0
6711,5,5.0
6715,6,4.0
6718,3,3.0
6720,5,5.0
6721,4,5.0
6728,2,4.0
6731,3,4.0
6732,2,3.0
6740,4,4.0
6741,6,5.0
6742,6,4.0
6744,1,2.0
6745,3,4.0
6747,3,4.0
6752,5,5.0
6757,6,5.0
6762,6,5.0
6767,5,5.0
6768,4,4.0
6770,1,2.0
6775,3,4.0
6778,5,4.0
6783,2,3.0
6792,5,5.0
6793,6,6.0
6794,5,5.0
6797,6,5.0
6798,4,4.0
6801,2,3.0
6802,6,5.0
6804,6,5.0
6805,5,5.0
6811,5,4.0
6812,2,4.0
6820,3,3.0
6824,5,3.0
6826,2,2.0
6829,5,5.0
6832,5,5.0
6833,5,5.0
6836,5,5.0
6840,3,4.0
6842,1,3.0
6847,1,2.0
6852,4,4.0
6853,2,3.0
6854,3,3.0
6856,5,5.0
6857,4,4.0
6865,6,4.0
6866,5,5.0
6870,2,4.0
6872,4,4.0
6874,5,4.0
6876,5,4.0
6879,2,2.0
6882,6,6.0
6888,1,2.0
6890,6,5.0
6891,4,3.0
6893,4,5.0
6894,4,4.0
6899,4,4.0
6901,3,4.0
6902,3,3.0
6904,4,4.0
6906,3,4.0
6908,3,4.0
6909,2,4.0
6913,4,4.0
6915,4,4.0
6918,6,5.0
6925,3,4.0
6927,5,6.0
6928,5,5.0
6930,3,4.0
6938,4,3.0
6942,5,4.0
6943,5,5.0
6944,6,4.0
6946,4,5.0
6947,4,4.0
6952,4,4.0
6954,3,5.0
6961,4,3.0
6963,2,5.0
6964,6,7.0
6965,4,4.0
6966,3,4.0
6967,5,3.0
6969,4,3.0
6970,3,3.0
6973,4,5.0
6974,3,3.0
6976,4,4.0
6978,2,2.0
6979,6,4.0
6980,6,7.0
6981,6,5.0
6982,4,4.0
6988,3,4.0
6989,5,4.0
6993,6,5.0
6994,6,6.0
6995,6,5.0
6996,6,6.0
6997,5,5.0
6998,4,4.0
7006,5,4.0
7009,5,3.0
7011,6,6.0
7013,4,4.0
7014,6,6.0
7015,6,6.0
7017,4,4.0
7018,3,2.0
7022,6,4.0
7023,6,5.0
7026,3,5.0
7028,6,5.0
7032,3,3.0
7033,5,4.0
7038,4,4.0
7043,3,3.0
7048,3,4.0
7049,2,3.0
7059,4,4.0
7061,4,4.0
7066,4,4.0
7068,5,5.0
7072,6,5.0
7073,5,5.0
7074,5,3.0
7077,5,4.0
7079,2,2.0
7082,5,5.0
7086,2,3.0
7090,3,4.0
7091,5,5.0
7093,5,4.0
7095,5,4.0
7096,4,4.0
7098,3,5.0
7103,6,5.0
7107,6,5.0
7110,5,5.0
7116,5,4.0
7119,6,6.0
7120,6,5.0
7124,4,4.0
7127,6,5.0
7128,5,4.0
7129,6,5.0
7134,5,5.0
7142,5,5.0
7149,6,5.0
7156,6,5.0
7160,5,5.0
7163,3,2.0
7166,4,3.0
7168,6,4.0
7169,6,4.0
7170,3,4.0
7171,4,4.0
7174,1,3.0
7182,1,1.0
7188,5,5.0
7193,5,5.0
7196,5,5.0
7200,3,4.0
7204,4,4.0
7205,6,5.0
7206,4,3.0
7208,4,4.0
7210,4,4.0
7212,6,6.0
7217,4,4.0
7221,6,5.0
7225,4,3.0
7227,5,3.0
7228,5,5.0
7229,5,4.0
7231,4,4.0
7232,4,4.0
7233,5,5.0
7234,2,4.0
7236,3,3.0
7239,6,5.0
7242,6,6.0
7245,2,3.0
7253,4,4.0
7255,2,3.0
7257,4,5.0
7258,7,6.0
7259,5,4.0
7260,4,5.0
7266,6,5.0
7267,2,5.0
7271,5,5.0
7274,3,4.0
7281,5,5.0
7282,4,4.0
7285,5,5.0
7287,6,6.0
7290,5,5.0
7291,4,4.0
7298,3,4.0
7302,3,4.0
7304,6,5.0
7305,6,6.0
7309,6,7.0
7313,4,4.0
7316,6,6.0
7320,4,5.0
7325,5,5.0
7328,5,5.0
7332,5,5.0
7333,3,4.0
7334,4,4.0
7339,6,4.0
7341,5,6.0
7347,6,5.0
7350,5,4.0
7351,6,6.0
7352,6,5.0
7354,4,5.0
7367,5,5.0
7368,6,6.0
7372,4,4.0
7374,5,4.0
7376,2,3.0
7377,5,5.0
7378,6,6.0
7379,2,4.0
7381,4,5.0
7384,6,6.0
7385,4,5.0
7387,5,5.0
7389,4,3.0
7391,6,5.0
7393,6,5.0
7394,4,4.0
7396,6,5.0
7397,6,6.0
7399,5,6.0
7402,4,4.0
7406,6,6.0
7407,4,5.0
7409,6,5.0
7411,4,5.0
7412,4,4.0
7415,7,6.0
7416,5,5.0
7419,3,4.0
7424,6,5.0
7426,5,5.0
7428,4,5.0
7430,6,5.0
7431,3,4.0
7433,4,4.0
7434,4,4.0
7435,4,2.0
7438,6,6.0
7440,5,4.0
7444,4,4.0
7446,4,4.0
7448,5,3.0
7450,6,5.0
7451,6,5.0
7453,3,3.0
7454,3,4.0
7456,3,4.0
7458,6,6.0
7459,7,5.0
7463,6,4.0
7464,1,4.0
7465,3,4.0
7471,6,5.0
7474,4,4.0
7477,4,3.0
7478,3,5.0
7479,6,5.0
7481,2,4.0
7484,6,5.0
7490,4,4.0
7493,6,5.0
7494,4,2.0
7497,4,5.0
7500,5,5.0
7504,5,5.0
7513,6,5.0
7519,4,5.0
7520,4,4.0
7523,5,6.0
7525,5,5.0
7527,4,3.0
7528,2,3.0
7529,6,5.0
7530,5,4.0
7531,2,2.0
7544,2,4.0
7548,1,3.0
7552,4,4.0
7560,5,5.0
7561,3,4.0
7563,6,4.0
7565,3,4.0
7567,6,5.0
7569,5,4.0
7571,6,6.0
7573,4,4.0
7575,5,5.0
7576,3,4.0
7579,6,5.0
7580,5,5.0
7581,4,5.0
7587,6,5.0
7590,3,3.0
7591,2,3.0
7592,5,5.0
7595,4,5.0
7598,6,5.0
7602,4,4.0
7603,4,5.0
7604,5,4.0
7608,5,5.0
7609,6,6.0
7611,5,5.0
7614,4,5.0
7616,5,5.0
7620,6,5.0
7623,2,3.0
7627,5,5.0
7628,5,4.0
7630,5,4.0
7631,6,5.0
7633,6,4.0
7634,5,5.0
7636,4,5.0
7640,5,6.0
7641,6,4.0
7645,6,5.0
7646,1,2.0
7649,4,4.0
7650,5,5.0
7654,6,6.0
7655,4,5.0
7660,6,5.0
7661,5,4.0
7663,4,4.0
7666,1,2.0
7667,5,4.0
7676,3,4.0
7677,6,5.0
7681,5,4.0
7685,1,4.0
7688,5,5.0
7693,3,4.0
7695,4,4.0
7699,5,5.0
7700,1,4.0
7705,5,5.0
7709,4,5.0
7712,6,5.0
7714,5,5.0
7715,3,3.0
7718,5,4.0
7719,4,5.0
7720,5,5.0
7721,6,5.0
7723,6,4.0
7727,6,5.0
7728,3,3.0
7729,6,5.0
7732,5,6.0
7734,4,3.0
7736,5,4.0
7737,4,4.0
7740,3,4.0
7741,5,4.0
7745,4,4.0
7747,4,4.0
7752,6,4.0
7756,4,5.0
7757,4,3.0
7760,1,2.0
7766,5,6.0
7767,2,3.0
7770,5,4.0
7771,5,5.0
7774,4,5.0
7783,6,6.0
7785,5,5.0
7790,4,4.0
7792,4,4.0
7793,4,3.0
7794,5,4.0
7795,4,4.0
7801,2,3.0
7804,1,3.0
7805,4,4.0
7806,3,5.0
7809,4,4.0
7810,3,3.0
7816,5,4.0
7818,5,4.0
7820,5,5.0
7831,3,4.0
7832,2,3.0
7836,4,3.0
7844,6,5.0
7847,3,4.0
7848,7,7.0
7849,4,4.0
7851,5,5.0
7853,3,4.0
7855,6,5.0
7858,3,4.0
7863,4,4.0
7865,5,5.0
7867,6,5.0
7869,5,5.0
7870,5,4.0
7881,4,4.0
7883,6,6.0
7884,2,4.0
7885,4,5.0
7886,4,4.0
7887,2,4.0
7888,4,4.0
7889,7,6.0
7893,4,4.0
7898,6,5.0
7900,3,3.0
7906,2,4.0
7909,2,2.0
7913,5,7.0
7917,6,4.0
7918,3,4.0
7919,3,4.0
7921,4,4.0
7922,5,5.0
7923,3,3.0
7925,4,4.0
7926,4,5.0
7927,4,3.0
7934,2,3.0
7935,3,4.0
7939,4,5.0
7945,4,5.0
7946,4,4.0
7955,3,3.0
7956,5,4.0
7957,3,3.0
7958,2,2.0
7959,4,4.0
7960,5,4.0
7962,2,4.0
7964,6,5.0
7967,2,3.0
7968,2,3.0
7969,4,4.0
7970,4,3.0
7971,3,3.0
7974,2,3.0
7975,5,4.0
7976,1,4.0
7978,5,4.0
7979,6,5.0
7980,4,5.0
7985,5,5.0
7986,4,4.0
7988,4,5.0
7989,5,5.0
7990,5,4.0
7991,5,5.0
7993,3,4.0
7997,6,5.0
7998,6,4.0
7999,6,6.0
8002,6,5.0
8004,3,3.0
8005,3,5.0
8006,5,5.0
8007,5,4.0
8017,6,5.0
8018,5,4.0
8019,4,4.0
8020,6,6.0
8023,5,4.0
8024,4,3.0
8026,6,6.0
8027,1,2.0
8033,4,4.0
8038,4,4.0
8039,3,3.0
8041,3,3.0
8042,6,5.0
8043,6,6.0
8047,6,6.0
8048,7,6.0
8050,4,5.0
8051,2,4.0
8052,3,4.0
8055,6,5.0
8062,3,3.0
8063,3,3.0
8065,5,4.0
8066,4,5.0
8068,3,3.0
8073,5,5.0
8076,2,4.0
8078,3,3.0
8079,3,4.0
8085,3,5.0
8090,4,3.0
8095,2,3.0
8096,4,5.0
8098,5,4.0
8104,4,5.0
8106,1,3.0
8109,4,5.0
8114,3,3.0
8116,5,5.0
8117,3,3.0
8119,3,5.0
8125,5,5.0
8126,3,3.0
8129,4,4.0
8134,3,4.0
8135,4,4.0
8137,4,5.0
8138,4,4.0
8140,3,3.0
8145,4,3.0
8146,3,4.0
8147,6,5.0
8151,2,3.0
8152,5,4.0
8155,4,4.0
8159,3,5.0
8160,5,5.0
8167,4,5.0
8173,3,5.0
8174,4,3.0
8176,1,4.0
8182,5,4.0
8184,6,5.0
8188,5,5.0
8196,1,-0.0
8198,4,4.0
8202,2,4.0
8206,5,5.0
8207,4,4.0
8208,1,3.0
8210,5,6.0
8213,2,3.0
8217,5,4.0
8218,2,3.0
8221,6,6.0
8222,5,4.0
8223,3,4.0
8224,5,5.0
8225,5,5.0
8226,6,5.0
8227,5,4.0
8229,6,4.0
8236,6,4.0
8239,6,7.0
8244,4,4.0
8245,6,4.0
8246,3,3.0
8248,4,3.0
8258,3,4.0
8262,2,3.0
8272,5,6.0
8276,4,4.0
8283,5,4.0
8284,4,5.0
8285,5,3.0
8288,4,4.0
8294,5,5.0
8295,5,5.0
8296,4,4.0
8300,6,5.0
8303,4,3.0
8305,3,3.0
8306,1,3.0
8313,6,5.0
8314,3,1.0
8316,5,3.0
8317,6,4.0
8322,4,4.0
8329,5,6.0
8331,4,4.0
8332,5,6.0
8333,3,4.0
8334,3,4.0
8335,3,3.0
8338,2,3.0
8341,5,5.0
8348,3,4.0
8349,6,6.0
8350,6,5.0
8351,2,3.0
8353,4,3.0
8354,4,4.0
8355,3,3.0
8358,4,5.0
8360,6,5.0
8364,4,4.0
8370,2,3.0
8374,5,4.0
8379,2,5.0
8381,2,4.0
8383,5,5.0
8384,4,2.0
8386,6,5.0
8387,4,5.0
8391,6,4.0
8393,3,4.0
8405,2,4.0
8406,4,5.0
8407,4,3.0
8408,2,4.0
8411,4,3.0
8414,4,4.0
8416,2,4.0
8417,1,4.0
8418,4,4.0
8419,2,1.0
8422,2,3.0
8428,5,6.0
8429,5,5.0
8431,2,4.0
8433,3,4.0
8434,5,4.0
8435,3,2.0
8440,6,5.0
8442,1,1.0
8448,3,4.0
8454,2,3.0
8456,3,5.0
8460,4,4.0
8461,3,2.0
8467,6,4.0
8468,6,6.0
8470,5,4.0
8473,6,6.0
8474,5,6.0
8475,6,5.0
8476,6,5.0
8479,5,5.0
8480,6,5.0
8482,4,4.0
8487,4,4.0
8488,4,4.0
8491,4,4.0
8492,6,4.0
8493,2,2.0
8496,4,4.0
8497,2,5.0
8504,6,5.0
8505,5,5.0
8506,2,3.0
8518,4,5.0
8519,4,4.0
8520,3,3.0
8521,6,5.0
8522,6,6.0
8524,5,4.0
8526,6,7.0
8528,4,5.0
8529,4,3.0
8530,6,5.0
8532,3,4.0
8538,4,4.0
8548,5,5.0
8550,6,6.0
8556,3,3.0
8559,2,3.0
8560,6,6.0
8561,5,5.0
8563,3,3.0
8564,6,5.0
8567,6,4.0
8570,5,5.0
8573,5,5.0
8575,4,4.0
8577,3,4.0
8578,3,5.0
8581,2,3.0
8589,5,5.0
8593,4,4.0
8596,4,4.0
8602,6,5.0
8603,3,4.0
8604,4,4.0
8605,1,3.0
8606,6,6.0
8607,5,4.0
8608,3,4.0
8612,3,4.0
8613,5,4.0
8617,6,4.0
8618,6,4.0
8619,3,5.0
8621,5,4.0
8623,3,4.0
8624,6,5.0
8627,3,3.0
8629,1,3.0
8630,5,6.0
8632,6,5.0
8635,2,4.0
8637,6,4.0
8638,5,4.0
8639,6,6.0
8643,6,4.0
8649,5,4.0
8653,5,6.0
8655,2,3.0
8663,4,3.0
8664,3,4.0
8665,5,5.0
8666,6,5.0
8672,7,6.0
8673,5,5.0
8681,6,6.0
8684,5,4.0
8690,3,3.0
8691,5,5.0
8694,6,6.0
8700,5,6.0
8707,5,5.0
8709,6,5.0
8710,4,3.0
8712,6,4.0
8713,6,5.0
8717,4,3.0
8718,1,2.0
8719,4,2.0
8722,4,4.0
8727,3,5.0
8730,4,4.0
8734,1,2.0
8737,3,3.0
8742,5,4.0
8743,3,3.0
8747,5,4.0
8748,2,4.0
8750,6,5.0
8751,6,5.0
8754,5,6.0
8755,1,0.0
8760,7,6.0
8764,5,6.0
8766,3,4.0
8780,2,3.0
8784,5,4.0
8785,3,4.0
8788,2,3.0
8790,6,5.0
8795,4,4.0
8796,2,4.0
8798,4,4.0
8800,2,3.0
8801,5,5.0
8802,2,4.0
8805,5,5.0
8809,4,5.0
8812,3,3.0
8813,4,4.0
8815,5,4.0
8817,5,6.0
8820,3,4.0
8821,6,4.0
8824,4,5.0
8831,3,4.0
8832,4,4.0
8834,5,5.0
8840,5,6.0
8841,5,5.0
8845,3,3.0
8849,1,2.0
8851,5,4.0
8854,4,4.0
8857,6,6.0
8865,3,3.0
8866,3,4.0
8867,5,4.0
8869,4,5.0
8870,4,4.0
8871,5,5.0
8878,6,5.0
8879,4,4.0
8883,1,2.0
8884,6,6.0
8885,5,4.0
8889,6,6.0
8891,3,4.0
8892,2,2.0
8895,5,3.0
8896,4,3.0
8897,3,4.0
8898,5,5.0
8900,5,4.0
8906,1,2.0
8908,5,4.0
8910,4,4.0
8912,6,5.0
8922,4,3.0
8924,3,3.0
8926,6,5.0
8932,5,5.0
8941,2,3.0
8952,4,5.0
8958,5,5.0
8966,5,4.0
8967,4,5.0
8974,4,4.0
8975,2,3.0
8976,4,4.0
8978,5,5.0
8979,5,4.0
8982,4,5.0
8984,6,4.0
8985,2,3.0
8992,2,4.0
8993,2,3.0
9003,5,4.0
9007,5,4.0
9009,3,4.0
9012,3,2.0
9014,2,2.0
9020,2,3.0
9021,1,3.0
9022,4,4.0
9023,5,5.0
9024,4,4.0
9025,2,3.0
9031,2,4.0
9033,5,5.0
9036,4,4.0
9038,4,4.0
9041,3,4.0
9042,5,6.0
9044,2,4.0
9047,4,4.0
9048,3,4.0
9049,3,5.0
9050,5,4.0
9055,3,5.0
9057,3,3.0
9058,5,6.0
9061,3,4.0
9063,4,4.0
9068,4,3.0
9071,5,4.0
9072,3,3.0
9075,3,3.0
9076,5,4.0
9078,2,2.0
9081,5,4.0
9082,3,4.0
9085,4,5.0
9086,5,5.0
9087,3,4.0
9092,6,6.0
9098,7,6.0
9099,5,5.0
9105,4,4.0
9110,5,4.0
9116,5,5.0
9118,4,5.0
9121,6,6.0
9124,5,6.0
9125,5,5.0
9126,6,6.0
9128,4,4.0
9130,3,3.0
9131,6,4.0
9132,3,3.0
9134,5,4.0
9141,6,5.0
9143,4,3.0
9148,3,5.0
9153,6,5.0
9157,3,4.0
9158,3,3.0
9160,1,2.0
9161,2,3.0
9162,3,3.0
9163,3,3.0
9178,4,4.0
9182,3,4.0
9184,2,3.0
9185,1,0.0
9192,4,4.0
9193,3,4.0
9194,3,3.0
9196,6,6.0
9197,5,4.0
9199,5,4.0
9200,4,4.0
9202,7,6.0
9203,5,4.0
9206,2,3.0
9208,3,4.0
9213,5,4.0
9215,4,4.0
9216,2,3.0
9218,4,5.0
9219,2,3.0
9223,5,6.0
9224,1,3.0
9225,5,4.0
9228,3,3.0
9230,3,4.0
9232,2,3.0
9234,6,5.0
9236,4,3.0
9237,4,4.0
9240,2,4.0
9243,2,3.0
9244,6,4.0
9245,5,5.0
9246,6,5.0
9247,5,4.0
9251,3,3.0
9253,4,5.0
9255,6,6.0
9256,4,4.0
9260,4,3.0
9261,4,5.0
9264,5,6.0
9265,4,4.0
9270,3,4.0
9271,4,3.0
10001,8,6.0
10005,8,8.0
10006,8,9.0
10015,8,8.0
10016,8,8.0
10017,8,7.0
10018,8,6.0
10021,8,6.0
10022,8,7.0
10023,8,8.0
10024,8,8.0
10025,8,6.0
10026,8,9.0
10028,8,8.0
10029,8,8.0
10030,8,9.0
10035,8,8.0
10036,8,8.0
10039,8,6.0
10041,8,9.0
10045,8,7.0
10046,8,9.0
10047,8,6.0
10049,8,8.0
10050,8,6.0
10051,8,7.0
10052,8,6.0
10055,8,7.0
10059,8,7.0
10060,8,8.0
10061,8,8.0
10062,8,9.0
10063,8,9.0
10064,8,7.0
10065,8,8.0
10066,8,8.0
10067,8,8.0
10068,8,9.0
10069,8,8.0
10072,8,7.0
10073,8,7.0
10074,8,7.0
10075,8,7.0
10076,8,8.0
10079,8,8.0
10081,8,9.0
10082,8,8.0
10083,8,8.0
10084,8,6.0
10089,8,7.0
10090,8,8.0
10092,8,8.0
10094,8,8.0
10095,8,8.0
